{
  "France": {
    "QF": 1.0,
    "SF": 0.71906,
    "Final": 0.4506,
    "Win": 0.2046
  },
  "Spain": {
    "QF": 1.0,
    "SF": 0.81368,
    "Final": 0.48656,
    "Win": 0.3246
  },
  "Morocco": {
    "QF": 1.0,
    "SF": 0.28094,
    "Final": 0.11466,
    "Win": 0.03006
  },
  "Norway": {
    "QF": 1.0,
    "SF": 0.34424,
    "Final": 0.1152,
    "Win": 0.02826
  },
  "Belgium": {
    "QF": 1.0,
    "SF": 0.18632,
    "Final": 0.05084,
    "Win": 0.0168
  },
  "Switzerland": {
    "QF": 1.0,
    "SF": 0.21244,
    "Final": 0.05128,
    "Win": 0.01702
  },
  "Argentina": {
    "QF": 1.0,
    "SF": 0.78756,
    "Final": 0.41132,
    "Win": 0.2585
  },
  "England": {
    "QF": 1.0,
    "SF": 0.65576,
    "Final": 0.31954,
    "Win": 0.12016
  }
}