{
  "Morocco": {
    "QF": 1.0,
    "SF": 0.30928,
    "Final": 0.1286,
    "Win": 0.03516
  },
  "Colombia": {
    "QF": 0.63822,
    "SF": 0.20346,
    "Final": 0.0722,
    "Win": 0.03226
  },
  "Belgium": {
    "QF": 1.0,
    "SF": 0.18788,
    "Final": 0.04708,
    "Win": 0.01544
  },
  "England": {
    "QF": 1.0,
    "SF": 0.65678,
    "Final": 0.3283,
    "Win": 0.12832
  },
  "Argentina": {
    "QF": 1.0,
    "SF": 0.72036,
    "Final": 0.38972,
    "Win": 0.24694
  },
  "Spain": {
    "QF": 1.0,
    "SF": 0.81212,
    "Final": 0.47182,
    "Win": 0.31338
  },
  "France": {
    "QF": 1.0,
    "SF": 0.69072,
    "Final": 0.42554,
    "Win": 0.19196
  },
  "Norway": {
    "QF": 1.0,
    "SF": 0.34322,
    "Final": 0.11756,
    "Win": 0.03012
  },
  "Switzerland": {
    "QF": 0.36178,
    "SF": 0.07618,
    "Final": 0.01918,
    "Win": 0.00642
  }
}