{
  "France": {
    "QF": 1.0,
    "SF": 0.68956,
    "Final": 0.4211,
    "Win": 0.1946
  },
  "Morocco": {
    "QF": 1.0,
    "SF": 0.31044,
    "Final": 0.13038,
    "Win": 0.03804
  },
  "Belgium": {
    "QF": 1.0,
    "SF": 0.1883,
    "Final": 0.05262,
    "Win": 0.01642
  },
  "Norway": {
    "QF": 1.0,
    "SF": 0.34554,
    "Final": 0.11964,
    "Win": 0.03206
  },
  "England": {
    "QF": 1.0,
    "SF": 0.65446,
    "Final": 0.32888,
    "Win": 0.132
  },
  "Switzerland": {
    "QF": 0.35824,
    "SF": 0.09592,
    "Final": 0.0243,
    "Win": 0.00798
  },
  "Argentina": {
    "QF": 0.89856,
    "SF": 0.645,
    "Final": 0.3468,
    "Win": 0.22136
  },
  "Spain": {
    "QF": 1.0,
    "SF": 0.8117,
    "Final": 0.48546,
    "Win": 0.31696
  },
  "Colombia": {
    "QF": 0.64176,
    "SF": 0.23574,
    "Final": 0.08766,
    "Win": 0.04008
  },
  "Egypt": {
    "QF": 0.10144,
    "SF": 0.02334,
    "Final": 0.00316,
    "Win": 0.0005
  }
}