{
  "France": {
    "QF": 1.0,
    "SF": 0.69242,
    "Final": 0.4236,
    "Win": 0.19056
  },
  "Belgium": {
    "QF": 1.0,
    "SF": 0.1869,
    "Final": 0.04918,
    "Win": 0.01598
  },
  "England": {
    "QF": 1.0,
    "SF": 0.65576,
    "Final": 0.32774,
    "Win": 0.12664
  },
  "Switzerland": {
    "QF": 1.0,
    "SF": 0.21216,
    "Final": 0.05336,
    "Win": 0.01784
  },
  "Argentina": {
    "QF": 1.0,
    "SF": 0.78784,
    "Final": 0.42252,
    "Win": 0.26876
  },
  "Spain": {
    "QF": 1.0,
    "SF": 0.8131,
    "Final": 0.47494,
    "Win": 0.3136
  },
  "Norway": {
    "QF": 1.0,
    "SF": 0.34424,
    "Final": 0.11796,
    "Win": 0.03002
  },
  "Morocco": {
    "QF": 1.0,
    "SF": 0.30758,
    "Final": 0.1307,
    "Win": 0.0366
  }
}