{
  "Switzerland": {
    "QF": 1.0,
    "SF": 0.21244,
    "Final": 0.05262,
    "Win": 0.01742
  },
  "Norway": {
    "QF": 1.0,
    "SF": 0.34424,
    "Final": 0.1152,
    "Win": 0.02872
  },
  "England": {
    "QF": 1.0,
    "SF": 0.65576,
    "Final": 0.31954,
    "Win": 0.12178
  },
  "France": {
    "QF": 1.0,
    "SF": 0.71906,
    "Final": 0.4506,
    "Win": 0.20696
  },
  "Morocco": {
    "QF": 1.0,
    "SF": 0.28094,
    "Final": 0.11466,
    "Win": 0.03044
  },
  "Belgium": {
    "QF": 1.0,
    "SF": 0.19766,
    "Final": 0.05488,
    "Win": 0.01848
  },
  "Argentina": {
    "QF": 1.0,
    "SF": 0.78756,
    "Final": 0.41838,
    "Win": 0.26308
  },
  "Spain": {
    "QF": 1.0,
    "SF": 0.80234,
    "Final": 0.47412,
    "Win": 0.31312
  }
}