{
  "France": {
    "QF": 1.0,
    "SF": 0.69184,
    "Final": 0.42612,
    "Win": 0.20518
  },
  "Norway": {
    "QF": 1.0,
    "SF": 0.34324,
    "Final": 0.11796,
    "Win": 0.0334
  },
  "Spain": {
    "QF": 0.71694,
    "SF": 0.6011,
    "Final": 0.3583,
    "Win": 0.23544
  },
  "Morocco": {
    "QF": 1.0,
    "SF": 0.30816,
    "Final": 0.1308,
    "Win": 0.0391
  },
  "England": {
    "QF": 1.0,
    "SF": 0.65676,
    "Final": 0.32512,
    "Win": 0.1352
  },
  "Switzerland": {
    "QF": 0.36498,
    "SF": 0.09662,
    "Final": 0.03038,
    "Win": 0.00994
  },
  "USA": {
    "QF": 0.35816,
    "SF": 0.05486,
    "Final": 0.00968,
    "Win": 0.00238
  },
  "Argentina": {
    "QF": 0.90118,
    "SF": 0.64802,
    "Final": 0.38468,
    "Win": 0.24718
  },
  "Colombia": {
    "QF": 0.63502,
    "SF": 0.23384,
    "Final": 0.0982,
    "Win": 0.04494
  },
  "Egypt": {
    "QF": 0.09882,
    "SF": 0.02152,
    "Final": 0.00308,
    "Win": 0.00052
  },
  "Belgium": {
    "QF": 0.64184,
    "SF": 0.1539,
    "Final": 0.0428,
    "Win": 0.01406
  },
  "Portugal": {
    "QF": 0.28306,
    "SF": 0.19014,
    "Final": 0.07288,
    "Win": 0.03266
  }
}