{
  "Spain": {
    "QF": 1.0,
    "SF": 1.0,
    "Final": 0.53678,
    "Win": 0.33528
  },
  "France": {
    "QF": 1.0,
    "SF": 1.0,
    "Final": 0.57918,
    "Win": 0.24722
  },
  "England": {
    "QF": 1.0,
    "SF": 1.0,
    "Final": 0.42082,
    "Win": 0.14406
  },
  "Argentina": {
    "QF": 1.0,
    "SF": 1.0,
    "Final": 0.46322,
    "Win": 0.27344
  }
}