{
  "Spain": {
    "QF": 1.0,
    "SF": 1.0,
    "Final": 0.59604,
    "Win": 0.34796
  },
  "France": {
    "QF": 1.0,
    "SF": 1.0,
    "Final": 0.40396,
    "Win": 0.20114
  },
  "Argentina": {
    "QF": 1.0,
    "SF": 1.0,
    "Final": 0.6352,
    "Win": 0.31702
  },
  "England": {
    "QF": 1.0,
    "SF": 1.0,
    "Final": 0.3648,
    "Win": 0.13388
  }
}