{
  "Switzerland": {
    "QF": 1.0,
    "SF": 0.21244,
    "Final": 0.05262,
    "Win": 0.01782
  },
  "France": {
    "QF": 1.0,
    "SF": 0.69242,
    "Final": 0.4236,
    "Win": 0.18774
  },
  "Morocco": {
    "QF": 1.0,
    "SF": 0.30758,
    "Final": 0.1307,
    "Win": 0.03584
  },
  "England": {
    "QF": 1.0,
    "SF": 0.65576,
    "Final": 0.32774,
    "Win": 0.12496
  },
  "Spain": {
    "QF": 1.0,
    "SF": 0.80234,
    "Final": 0.47412,
    "Win": 0.31782
  },
  "Belgium": {
    "QF": 1.0,
    "SF": 0.19766,
    "Final": 0.05488,
    "Win": 0.01896
  },
  "Argentina": {
    "QF": 1.0,
    "SF": 0.78756,
    "Final": 0.41838,
    "Win": 0.26754
  },
  "Norway": {
    "QF": 1.0,
    "SF": 0.34424,
    "Final": 0.11796,
    "Win": 0.02932
  }
}